Wavelength_nm,Energy_eV,Counts
340.368,3.64265,26
340.539,3.64082,30
340.71,3.63899,20
340.881,3.63717,38
341.052,3.63535,29
341.223,3.63352,35
341.394,3.6317,23
341.565,3.62989,16
341.737,3.62806,42
341.908,3.62624,41
342.079,3.62443,24
342.25,3.62262,28
342.421,3.62081,33
342.592,3.619,26
342.763,3.6172,34
342.934,3.6154,32
343.105,3.61359,36
343.276,3.61179,33
343.447,3.61,34
343.618,3.6082,37
343.789,3.6064,27
343.96,3.60461,35
344.131,3.60282,30
344.302,3.60103,33
344.473,3.59924,32
344.644,3.59746,34
344.815,3.59567,40
344.986,3.59389,37
345.157,3.59211,39
345.328,3.59033,33
345.499,3.58855,40
345.67,3.58678,45
345.841,3.58501,36
346.012,3.58323,30
346.183,3.58146,32
346.354,3.5797,39
346.526,3.57792,40
346.697,3.57615,42
346.868,3.57439,33
347.039,3.57263,33
347.21,3.57087,26
347.381,3.56911,37
347.552,3.56736,39
347.723,3.5656,30
347.894,3.56385,33
348.065,3.5621,47
348.236,3.56035,46
348.407,3.5586,28
348.578,3.55686,38
348.749,3.55511,38
348.92,3.55337,38
349.091,3.55163,52
349.262,3.54989,35
349.433,3.54815,39
349.604,3.54642,55
349.775,3.54468,42
349.946,3.54295,45
350.117,3.54122,46
350.288,3.53949,50
350.459,3.53777,49
350.63,3.53604,35
350.801,3.53432,50
350.972,3.5326,45
351.143,3.53087,36
351.314,3.52916,45
351.485,3.52744,38
351.656,3.52572,43
351.827,3.52401,48
351.998,3.5223,47
352.169,3.52059,55
352.34,3.51888,49
352.511,3.51717,41
352.682,3.51547,43
352.853,3.51376,43
353.024,3.51206,45
353.195,3.51036,48
353.366,3.50866,53
353.537,3.50697,50
353.708,3.50527,52
353.879,3.50358,61
354.05,3.50188,50
354.221,3.50019,53
354.392,3.4985,65
354.563,3.49682,59
354.734,3.49513,41
354.905,3.49345,63
355.076,3.49177,55
355.247,3.49008,52
355.418,3.48841,60
355.589,3.48673,48
355.76,3.48505,65
355.931,3.48338,51
356.102,3.4817,57
356.273,3.48003,57
356.444,3.47836,65
356.615,3.4767,72
356.785,3.47504,79
356.956,3.47337,53
357.127,3.47171,70
357.298,3.47005,61
357.469,3.46839,67
357.64,3.46673,82
357.811,3.46508,90
357.982,3.46342,67
358.153,3.46177,87
358.324,3.46011,81
358.495,3.45846,87
358.666,3.45681,91
358.837,3.45517,94
359.008,3.45352,88
359.179,3.45188,86
359.35,3.45024,93
359.521,3.44859,100
359.692,3.44695,104
359.863,3.44532,106
360.034,3.44368,114
360.205,3.44205,116
360.376,3.44041,126
360.547,3.43878,129
360.718,3.43715,136
360.889,3.43552,145
361.06,3.43389,152
361.231,3.43227,171
361.401,3.43065,189
361.572,3.42903,192
361.743,3.42741,206
361.914,3.42579,218
362.085,3.42417,229
362.256,3.42256,258
362.427,3.42094,272
362.598,3.41933,308
362.769,3.41772,330
362.94,3.41611,379
363.111,3.4145,414
363.282,3.41289,444
363.453,3.41129,500
363.624,3.40968,541
363.795,3.40808,604
363.966,3.40648,668
364.137,3.40488,735
364.308,3.40328,810
364.478,3.40169,872
364.649,3.4001,990
364.82,3.3985,1063
364.991,3.39691,1163
365.162,3.39532,1224
365.333,3.39373,1317
365.504,3.39214,1440
365.675,3.39056,1551
365.846,3.38897,1617
366.017,3.38739,1711
366.188,3.38581,1766
366.359,3.38423,1802
366.53,3.38265,1819
366.701,3.38107,1896
366.871,3.3795,1893
367.042,3.37793,1878
367.213,3.37636,1883
367.384,3.37478,1824
367.555,3.37321,1832
367.726,3.37165,1783
367.897,3.37008,1663
368.068,3.36851,1636
368.239,3.36695,1563
368.41,3.36539,1485
368.581,3.36383,1429
368.752,3.36227,1317
368.923,3.36071,1262
369.093,3.35916,1166
369.264,3.3576,1119
369.435,3.35605,1038
369.606,3.3545,1011
369.777,3.35295,934
369.948,3.3514,886
370.119,3.34985,825
370.29,3.3483,777
370.461,3.34675,755
370.632,3.34521,725
370.803,3.34367,696
370.973,3.34214,649
371.144,3.3406,644
371.315,3.33906,610
371.486,3.33752,614
371.657,3.33598,590
371.828,3.33445,582
371.999,3.33292,558
372.17,3.33139,556
372.341,3.32986,533
372.512,3.32833,536
372.682,3.32681,528
372.853,3.32528,525
373.024,3.32376,528
373.195,3.32224,504
373.366,3.32071,512
373.537,3.31919,492
373.708,3.31768,501
373.879,3.31616,498
374.05,3.31464,513
374.22,3.31314,478
374.391,3.31162,482
374.562,3.31011,467
374.733,3.3086,458
374.904,3.30709,448
375.075,3.30558,446
375.246,3.30408,436
375.417,3.30257,446
375.588,3.30107,438
375.758,3.29958,436
375.929,3.29807,440
376.1,3.29658,439
376.271,3.29508,419
376.442,3.29358,417
376.613,3.29208,402
376.784,3.29059,442
376.955,3.2891,412
377.125,3.28762,444
377.296,3.28613,445
377.467,3.28464,453
377.638,3.28315,447
377.809,3.28166,471
377.98,3.28018,463
378.151,3.2787,465
378.321,3.27722,462
378.492,3.27574,488
378.663,3.27426,505
378.834,3.27278,500
379.005,3.27131,528
379.176,3.26983,542
379.347,3.26836,558
379.518,3.26689,577
379.688,3.26542,620
379.859,3.26395,634
380.03,3.26248,640
380.201,3.26102,682
380.372,3.25955,733
380.543,3.25809,799
380.714,3.25662,853
380.884,3.25517,906
381.055,3.25371,968
381.226,3.25225,1037
381.397,3.25079,1105
381.568,3.24933,1194
381.739,3.24788,1296
381.91,3.24642,1401
382.08,3.24498,1551
382.251,3.24353,1682
382.422,3.24208,1843
382.593,3.24063,2021
382.764,3.23918,2182
382.935,3.23773,2383
383.105,3.2363,2600
383.276,3.23485,2848
383.447,3.23341,3137
383.618,3.23197,3389
383.789,3.23053,3675
383.96,3.22909,4010
384.13,3.22766,4306
384.301,3.22623,4653
384.472,3.22479,5001
384.643,3.22336,5268
384.814,3.22193,5753
384.985,3.22049,6138
385.156,3.21906,6469
385.326,3.21764,6743
385.497,3.21622,7115
385.668,3.21479,7438
385.839,3.21337,7762
386.01,3.21194,8116
386.18,3.21053,8472
386.351,3.20911,8620
386.522,3.20769,8763
386.693,3.20627,8995
386.864,3.20485,9124
387.035,3.20344,9279
387.205,3.20203,9301
387.376,3.20062,9347
387.547,3.1992,9457
387.718,3.19779,9426
387.889,3.19638,9445
388.06,3.19497,9417
388.23,3.19358,9357
388.401,3.19217,9307
388.572,3.19077,9259
388.743,3.18936,9241
388.914,3.18796,9186
389.084,3.18657,8955
389.255,3.18517,8957
389.426,3.18377,8875
389.597,3.18237,8735
389.768,3.18097,8665
389.939,3.17958,8597
390.109,3.17819,8468
390.28,3.1768,8422
390.451,3.17541,8316
390.622,3.17402,8211
390.793,3.17263,8113
390.963,3.17125,7976
391.134,3.16987,7938
391.305,3.16848,7793
391.476,3.1671,7714
391.647,3.16571,7601
391.817,3.16434,7499
391.988,3.16296,7415
392.159,3.16158,7328
392.33,3.1602,7206
392.501,3.15883,7115
392.671,3.15746,6978
392.842,3.15608,6840
393.013,3.15471,6634
393.184,3.15334,6695
393.355,3.15197,6557
393.525,3.15061,6527
393.696,3.14924,6450
393.867,3.14787,6437
394.038,3.1465,6416
394.208,3.14515,6369
394.379,3.14378,6421
394.55,3.14242,6463
394.721,3.14106,6486
394.892,3.1397,6544
395.062,3.13835,6579
395.233,3.13699,6723
395.404,3.13563,6809
395.575,3.13428,6869
395.746,3.13292,6975
395.916,3.13158,7106
396.087,3.13023,7209
396.258,3.12888,7373
396.429,3.12753,7463
396.599,3.12619,7627
396.77,3.12484,7760
396.941,3.12349,7897
397.112,3.12215,7931
397.283,3.1208,8101
397.453,3.11947,8147
397.624,3.11813,8254
397.795,3.11679,8358
397.966,3.11545,8386
398.136,3.11412,8404
398.307,3.11278,8414
398.478,3.11144,8410
398.649,3.11011,8405
398.819,3.10878,8331
398.99,3.10745,8249
399.161,3.10612,8165
399.332,3.10479,8058
399.503,3.10346,8007
399.673,3.10214,7862
399.844,3.10081,7720
400.015,3.09949,7632
400.186,3.09816,7489
400.356,3.09685,7434
400.527,3.09553,7209
400.698,3.09421,7022
400.869,3.09289,6884
401.039,3.09157,6750
401.21,3.09026,6608
401.381,3.08894,6494
401.552,3.08762,6374
401.722,3.08632,6249
401.893,3.08501,6126
402.064,3.08369,6036
402.235,3.08238,5989
402.405,3.08108,5814
402.576,3.07977,5772
402.747,3.07846,5673
402.918,3.07716,5556
403.088,3.07586,5516
403.259,3.07456,5418
403.43,3.07325,5297
403.601,3.07195,5298
403.771,3.07066,5282
403.942,3.06936,5177
404.113,3.06806,5114
404.284,3.06676,5145
404.454,3.06547,5042
404.625,3.06418,4991
404.796,3.06288,5008
404.967,3.06159,4949
405.137,3.0603,4968
405.308,3.05901,4935
405.479,3.05772,4899
405.649,3.05644,4857
405.82,3.05515,4848
405.991,3.05387,4827
406.162,3.05258,4804
406.332,3.0513,4876
406.503,3.05002,4817
406.674,3.04874,4787
406.845,3.04746,4805
407.015,3.04618,4765
407.186,3.0449,4775
407.357,3.04363,4713
407.527,3.04236,4624
407.698,3.04108,4606
407.869,3.0398,4675
408.04,3.03853,4653
408.21,3.03727,4611
408.381,3.03599,4579
408.552,3.03472,4617
408.722,3.03346,4614
408.893,3.03219,4568
409.064,3.03092,4510
409.235,3.02966,4499
409.405,3.0284,4477
409.576,3.02714,4469
409.747,3.02587,4445
409.917,3.02462,4398
410.088,3.02336,4361
410.259,3.0221,4347
410.43,3.02084,4293
410.6,3.01959,4296
410.771,3.01833,4222
410.942,3.01707,4160
411.112,3.01583,4147
411.283,3.01457,4085
411.454,3.01332,4060
411.625,3.01207,3994
411.795,3.01082,3922
411.966,3.00957,3885
412.137,3.00832,3814
412.307,3.00708,3728
412.478,3.00584,3707
412.649,3.00459,3658
412.819,3.00335,3588
412.99,3.00211,3555
413.161,3.00087,3497
413.332,2.99963,3443
413.502,2.99839,3419
413.673,2.99715,3324
413.844,2.99592,3294
414.014,2.99469,3176
414.185,2.99345,3151
414.356,2.99221,3135
414.526,2.99099,3056
414.697,2.98975,3026
414.868,2.98852,2969
415.038,2.9873,2995
415.209,2.98607,2905
415.38,2.98484,2827
415.55,2.98362,2816
415.721,2.98239,2849
415.892,2.98116,2782
416.063,2.97994,2787
416.233,2.97872,2759
416.404,2.9775,2725
416.575,2.97628,2710
416.745,2.97506,2697
416.916,2.97384,2668
417.087,2.97262,2660
417.257,2.97141,2690
417.428,2.97019,2667
417.599,2.96898,2660
417.769,2.96777,2640
417.94,2.96655,2599
418.111,2.96534,2625
418.281,2.96414,2611
418.452,2.96293,2620
418.623,2.96171,2556
418.793,2.96051,2567
418.964,2.9593,2583
419.135,2.9581,2530
419.305,2.9569,2508
419.476,2.95569,2496
419.647,2.95449,2507
419.817,2.95329,2491
419.988,2.95209,2442
420.159,2.95089,2410
420.329,2.94969,2398
420.5,2.94849,2397
420.671,2.9473,2370
420.841,2.94611,2379
421.012,2.94491,2316
421.183,2.94371,2277
421.353,2.94253,2285
421.524,2.94133,2250
421.695,2.94014,2172
421.865,2.93895,2163
422.036,2.93776,2119
422.206,2.93658,2053
422.377,2.93539,2043
422.548,2.9342,2003
422.718,2.93302,1973
422.889,2.93184,1988
423.06,2.93065,1950
423.23,2.92948,1893
423.401,2.92829,1921
423.572,2.92711,1850
423.742,2.92594,1811
423.913,2.92476,1821
424.084,2.92358,1777
424.254,2.9224,1801
424.425,2.92123,1719
424.595,2.92006,1685
424.766,2.91888,1687
424.937,2.91771,1659
425.107,2.91654,1664
425.278,2.91537,1654
425.449,2.9142,1622
425.619,2.91303,1606
425.79,2.91186,1612
425.961,2.91069,1629
426.131,2.90953,1582
426.302,2.90837,1589
426.472,2.90721,1554
426.643,2.90604,1536
426.814,2.90488,1559
426.984,2.90372,1512
427.155,2.90256,1534
427.326,2.9014,1502
427.496,2.90024,1520
427.667,2.89908,1524
427.837,2.89793,1467
428.008,2.89677,1468
428.179,2.89562,1450
428.349,2.89447,1424
428.52,2.89331,1393
428.691,2.89216,1417
428.861,2.89101,1378
429.032,2.88986,1390
429.202,2.88871,1401
429.373,2.88756,1332
429.544,2.88641,1366
429.714,2.88527,1319
429.885,2.88412,1322
430.055,2.88298,1315
430.226,2.88184,1286
430.397,2.88069,1283
430.567,2.87956,1267
430.738,2.87841,1223
430.909,2.87727,1236
431.079,2.87614,1229
431.25,2.875,1171
431.42,2.87386,1192
431.591,2.87272,1146
431.762,2.87159,1132
431.932,2.87046,1177
432.103,2.86932,1113
432.273,2.86819,1100
432.444,2.86706,1090
432.615,2.86592,1081
432.785,2.8648,1069
432.956,2.86367,1055
433.126,2.86254,1019
433.297,2.86141,1045
433.468,2.86028,1018
433.638,2.85916,1002
433.809,2.85804,987
433.979,2.85692,976
434.15,2.85579,964
434.32,2.85467,947
434.491,2.85355,944
434.662,2.85243,922
434.832,2.85131,907
435.003,2.85019,913
435.173,2.84908,895
435.344,2.84796,897
435.515,2.84684,879
435.685,2.84573,877
435.856,2.84461,867
436.026,2.8435,846
436.197,2.84239,838
436.368,2.84128,846
436.538,2.84017,839
436.709,2.83906,808
436.879,2.83795,801
437.05,2.83684,808
437.22,2.83574,807
437.391,2.83463,795
437.562,2.83352,798
437.732,2.83242,782
437.903,2.83132,777
438.073,2.83022,779
438.244,2.82911,755
438.414,2.82802,754
438.585,2.82691,751
438.756,2.82581,734
438.926,2.82472,720
439.097,2.82362,745
439.267,2.82252,709
439.438,2.82143,694
439.608,2.82034,706
439.779,2.81924,680
439.949,2.81815,676
440.12,2.81705,664
440.291,2.81596,664
440.461,2.81487,648
440.632,2.81378,654
440.802,2.8127,643
440.973,2.81161,642
441.143,2.81052,631
441.314,2.80943,626
441.485,2.80834,610
441.655,2.80726,623
441.826,2.80618,604
441.996,2.8051,592
442.167,2.80401,592
442.337,2.80294,593
442.508,2.80185,577
442.678,2.80078,568
442.849,2.79969,575
443.019,2.79862,577
443.19,2.79754,560
443.361,2.79646,561
443.531,2.79539,549
443.702,2.79431,536
443.872,2.79324,541
444.043,2.79217,559
444.213,2.7911,524
444.384,2.79002,540
444.554,2.78896,552
444.725,2.78788,541
444.895,2.78682,543
445.066,2.78575,525
445.237,2.78468,535
445.407,2.78362,520
445.578,2.78255,530
445.748,2.78149,495
445.919,2.78042,509
446.089,2.77936,503
446.26,2.7783,492
446.43,2.77724,484
446.601,2.77617,478
446.771,2.77512,479
446.942,2.77406,475
447.112,2.773,464
447.283,2.77194,459
447.453,2.77089,468
447.624,2.76983,452
447.794,2.76878,452
447.965,2.76772,435
448.135,2.76667,449
448.306,2.76562,444
448.477,2.76456,432
448.647,2.76351,416
448.818,2.76246,434
448.988,2.76141,414
449.159,2.76036,418
449.329,2.75932,394
449.5,2.75827,423
449.67,2.75723,402
449.841,2.75618,411
450.011,2.75514,388
450.182,2.75409,376
450.352,2.75305,407
450.523,2.75201,385
450.693,2.75097,367
450.864,2.74992,381
451.034,2.74889,391
451.205,2.74785,378
451.375,2.74681,384
451.546,2.74577,368
451.716,2.74474,369
451.887,2.7437,343
452.057,2.74267,371
452.228,2.74163,345
452.398,2.7406,352
452.569,2.73956,335
452.739,2.73854,335
452.91,2.7375,341
453.08,2.73647,346
453.251,2.73544,338
453.421,2.73442,335
453.592,2.73339,325
453.762,2.73236,334
453.933,2.73133,331
454.103,2.73031,321
454.274,2.72928,336
454.444,2.72826,333
454.615,2.72724,334
454.785,2.72622,316
454.956,2.72519,302
455.126,2.72417,307
455.297,2.72315,321
455.467,2.72213,310
455.638,2.72111,320
455.808,2.7201,294
455.979,2.71908,311
456.149,2.71806,302
456.32,2.71705,307
456.49,2.71603,296
456.661,2.71502,296
456.831,2.71401,300
457.001,2.713,298
457.172,2.71198,295
457.342,2.71097,301
457.513,2.70996,272
457.683,2.70895,282
457.854,2.70794,284
458.024,2.70694,277
458.195,2.70593,277
458.365,2.70492,278
458.536,2.70391,269
458.706,2.70291,270
458.877,2.7019,261
459.047,2.7009,264
459.218,2.6999,261
459.388,2.6989,252
459.559,2.6979,243
459.729,2.6969,257
459.899,2.6959,256
460.07,2.6949,257
460.24,2.6939,248
460.411,2.6929,236
460.581,2.69191,231
460.752,2.69091,238
460.922,2.68992,245
461.093,2.68892,242
461.263,2.68793,244
461.434,2.68693,246
461.604,2.68594,219
461.775,2.68495,222
461.945,2.68396,244
462.115,2.68297,219
462.286,2.68198,231
462.456,2.68099,213
462.627,2.68,218
462.797,2.67902,207
462.968,2.67803,226
463.138,2.67705,215
463.309,2.67606,200
463.479,2.67508,224
463.649,2.6741,208
463.82,2.67311,213
463.99,2.67213,202
464.161,2.67115,211
464.331,2.67017,203
464.502,2.66919,208
464.672,2.66821,198
464.843,2.66723,219
465.013,2.66625,190
465.183,2.66528,198
465.354,2.6643,211
465.524,2.66333,207
465.695,2.66235,206
465.865,2.66138,177
466.036,2.6604,200
466.206,2.65943,201
466.376,2.65846,187
466.547,2.65749,192
466.717,2.65652,189
466.888,2.65554,194
467.058,2.65458,192
467.229,2.65361,192
467.399,2.65264,194
467.569,2.65168,190
467.74,2.65071,183
467.91,2.64974,166
468.081,2.64878,182
468.251,2.64781,176
468.422,2.64685,192
468.592,2.64589,180
468.762,2.64493,187
468.933,2.64396,178
469.103,2.64301,173
469.274,2.64204,174
469.444,2.64109,172
469.614,2.64013,163
469.785,2.63917,171
469.955,2.63821,167
470.126,2.63725,164
470.296,2.6363,183
470.467,2.63534,163
470.637,2.63439,161
470.807,2.63344,171
470.978,2.63248,164
471.148,2.63153,144
471.319,2.63058,175
471.489,2.62963,168
471.659,2.62868,165
471.83,2.62773,165
472,2.62678,157
472.171,2.62583,142
472.341,2.62489,158
472.511,2.62394,155
472.682,2.62299,160
472.852,2.62205,162
473.023,2.6211,148
473.193,2.62016,148
473.363,2.61922,145
473.534,2.61827,150
473.704,2.61733,165
473.875,2.61639,155
474.045,2.61545,136
474.215,2.61451,140
474.386,2.61357,149
474.556,2.61264,144
474.727,2.61169,146
474.897,2.61076,142
475.067,2.60983,143
475.238,2.60889,140
475.408,2.60795,142
475.578,2.60702,154
475.749,2.60608,142
475.919,2.60515,141
476.09,2.60422,135
476.26,2.60329,135
476.43,2.60236,146
476.601,2.60143,131
476.771,2.6005,133
476.942,2.59957,139
477.112,2.59864,141
477.282,2.59771,128
477.453,2.59678,133
477.623,2.59586,138
477.793,2.59494,152
477.964,2.59401,142
478.134,2.59308,140
478.305,2.59216,138
478.475,2.59124,128
478.645,2.59032,129
478.816,2.58939,115
478.986,2.58847,135
479.156,2.58755,135
479.327,2.58663,131
479.497,2.58571,136
479.667,2.5848,138
479.838,2.58388,134
480.008,2.58296,135
480.179,2.58204,128
480.349,2.58113,137
480.519,2.58021,129
480.69,2.5793,122
480.86,2.57838,124
481.03,2.57747,135
481.201,2.57656,119
481.371,2.57565,123
481.541,2.57474,137
481.712,2.57382,129
481.882,2.57292,113
482.053,2.572,120
482.223,2.5711,116
482.393,2.57019,117
482.564,2.56928,112
482.734,2.56838,117
482.904,2.56747,143
483.075,2.56656,116
483.245,2.56566,127
483.415,2.56476,129
483.586,2.56385,118
483.756,2.56295,122
483.926,2.56205,121
484.097,2.56114,122
484.267,2.56024,110
484.437,2.55935,101
484.608,2.55844,116
484.778,2.55755,120
484.948,2.55665,124
485.119,2.55575,130
485.289,2.55485,133
485.459,2.55396,119
485.63,2.55306,116
485.8,2.55217,116
485.97,2.55127,113
486.141,2.55038,108
486.311,2.54948,135
486.481,2.54859,128
486.652,2.5477,129
486.822,2.54681,112
486.992,2.54592,121
487.163,2.54502,107
487.333,2.54414,124
487.503,2.54325,126
487.674,2.54236,127
487.844,2.54147,139
488.014,2.54059,127
488.185,2.5397,124
488.355,2.53881,113
488.525,2.53793,131
488.696,2.53704,113
488.866,2.53616,129
489.036,2.53528,123
489.207,2.53439,142
489.377,2.53351,138
489.547,2.53263,125
489.718,2.53175,117
489.888,2.53087,126
490.058,2.52999,136
490.228,2.52911,124
490.399,2.52823,142
490.569,2.52735,138
490.739,2.52648,137
490.91,2.5256,124
491.08,2.52473,133
491.25,2.52385,137
491.421,2.52297,134
491.591,2.5221,131
491.761,2.52123,138
491.932,2.52035,145
492.102,2.51948,134
492.272,2.51861,134
492.442,2.51774,135
492.613,2.51687,141
492.783,2.516,117
492.953,2.51513,142
493.124,2.51426,126
493.294,2.51339,140
493.464,2.51253,143
493.635,2.51166,142
493.805,2.51079,148
493.975,2.50993,140
494.145,2.50907,145
494.316,2.5082,148
494.486,2.50733,143
494.656,2.50647,146
494.827,2.50561,144
494.997,2.50475,136
495.167,2.50389,148
495.337,2.50303,144
495.508,2.50216,139
495.678,2.50131,153
495.848,2.50045,152
496.019,2.49959,134
496.189,2.49873,149
496.359,2.49787,146
496.529,2.49702,147
496.7,2.49616,150
496.87,2.4953,140
497.04,2.49445,143
497.211,2.49359,150
497.381,2.49274,129
497.551,2.49189,161
497.721,2.49104,150
497.892,2.49018,161
498.062,2.48933,154
498.232,2.48848,152
498.403,2.48763,150
498.573,2.48678,151
498.743,2.48593,161
498.913,2.48509,163
499.084,2.48424,156
499.254,2.48339,166
499.424,2.48254,167
499.594,2.4817,170
499.765,2.48085,163
499.935,2.48001,150
500.105,2.47916,180
500.275,2.47832,177
500.446,2.47747,175
500.616,2.47663,164
500.786,2.47579,172
500.956,2.47495,195
501.127,2.47411,179
501.297,2.47327,187
501.467,2.47243,189
501.638,2.47159,184
501.808,2.47075,181
501.978,2.46991,188
502.148,2.46908,187
502.319,2.46824,186
502.489,2.4674,197
502.659,2.46657,202
502.829,2.46573,201
503,2.46489,202
503.17,2.46406,203
503.34,2.46323,194
503.51,2.4624,207
503.681,2.46156,189
503.851,2.46073,194
504.021,2.4599,225
504.191,2.45907,202
504.362,2.45824,216
504.532,2.45741,204
504.702,2.45658,216
504.872,2.45576,208
505.042,2.45493,224
505.213,2.4541,220
505.383,2.45327,216
505.553,2.45245,229
505.723,2.45162,232
505.894,2.45079,227
506.064,2.44997,253
506.234,2.44915,228
506.404,2.44833,229
506.575,2.4475,232
506.745,2.44668,229
506.915,2.44586,235
507.085,2.44504,229
507.256,2.44421,226
507.426,2.44339,252
507.596,2.44258,234
507.766,2.44176,246
507.936,2.44094,235
508.107,2.44012,231
508.277,2.4393,269
508.447,2.43849,242
508.617,2.43767,247
508.788,2.43685,237
508.958,2.43604,254
509.128,2.43523,245
509.298,2.43441,269
509.468,2.4336,267
509.639,2.43278,256
509.809,2.43197,263
509.979,2.43116,235
510.149,2.43035,254
510.319,2.42954,248
510.49,2.42873,248
510.66,2.42792,256
510.83,2.42711,260
511,2.42631,266
511.171,2.42549,270
511.341,2.42469,260
511.511,2.42388,251
511.681,2.42308,271
511.851,2.42227,258
512.022,2.42146,256
512.192,2.42066,280
512.362,2.41986,268
512.532,2.41905,283
512.702,2.41825,264
512.873,2.41744,286
513.043,2.41664,277
513.213,2.41584,276
513.383,2.41504,275
513.553,2.41424,268
513.724,2.41344,282
513.894,2.41264,286
514.064,2.41184,297
514.234,2.41105,271
514.404,2.41025,291
514.575,2.40945,299
514.745,2.40865,274
514.915,2.40786,298
515.085,2.40706,304
515.255,2.40627,292
515.425,2.40548,299
515.596,2.40468,294
515.766,2.40388,318
515.936,2.40309,311
516.106,2.4023,310
516.276,2.40151,329
516.447,2.40071,322
516.617,2.39992,322
516.787,2.39914,316
516.957,2.39835,318
517.127,2.39756,347
517.297,2.39677,322
517.468,2.39598,328
517.638,2.39519,336
517.808,2.3944,320
517.978,2.39362,335
518.148,2.39283,323
518.319,2.39204,327
518.489,2.39126,343
518.659,2.39048,357
518.829,2.38969,332
518.999,2.38891,345
519.169,2.38813,350
519.34,2.38734,365
519.51,2.38656,363
519.68,2.38578,345
519.85,2.385,351
520.02,2.38422,342
520.19,2.38344,354
520.361,2.38266,365
520.531,2.38188,375
520.701,2.3811,367
520.871,2.38032,360
521.041,2.37955,380
521.211,2.37877,351
521.382,2.37799,370
521.552,2.37722,367
521.722,2.37644,384
521.892,2.37567,364
522.062,2.37489,363
522.232,2.37412,365
522.402,2.37335,368
522.573,2.37257,369
522.743,2.3718,386
522.913,2.37103,379
523.083,2.37026,375
523.253,2.36949,369
523.423,2.36872,364
523.593,2.36795,373
523.764,2.36718,401
523.934,2.36641,378
524.104,2.36564,377
524.274,2.36487,384
524.444,2.36411,392
524.614,2.36334,384
524.784,2.36258,389
524.955,2.36181,381
525.125,2.36104,399
525.295,2.36028,396
525.465,2.35951,381
525.635,2.35875,393
525.805,2.35799,400
525.975,2.35723,385
526.146,2.35646,375
526.316,2.3557,403
526.486,2.35494,383
526.656,2.35418,406
526.826,2.35342,393
526.996,2.35266,410
527.166,2.3519,427
527.337,2.35114,400
527.507,2.35038,402
527.677,2.34962,416
527.847,2.34887,396
528.017,2.34811,411
528.187,2.34735,410
528.357,2.3466,419
528.527,2.34584,411
528.698,2.34509,421
528.868,2.34433,408
529.038,2.34358,423
529.208,2.34283,430
529.378,2.34207,435
529.548,2.34132,430
529.718,2.34057,424
529.888,2.33982,436
530.058,2.33907,435
530.229,2.33831,430
530.399,2.33756,475
530.569,2.33682,455
530.739,2.33607,435
530.909,2.33532,456
531.079,2.33457,472
531.249,2.33382,442
531.419,2.33308,445
531.589,2.33233,445
531.76,2.33158,462
531.93,2.33084,466
532.1,2.33009,469
532.27,2.32935,448
532.44,2.3286,459
532.61,2.32786,453
532.78,2.32712,469
532.95,2.32638,452
533.12,2.32563,452
533.29,2.32489,464
533.461,2.32415,481
533.631,2.32341,460
533.801,2.32267,459
533.971,2.32193,465
534.141,2.32119,457
534.311,2.32045,463
534.481,2.31971,475
534.651,2.31897,460
534.821,2.31824,453
534.991,2.3175,444
535.162,2.31676,465
535.332,2.31602,463
535.502,2.31529,484
535.672,2.31455,450
535.842,2.31382,472
536.012,2.31309,455
536.182,2.31235,459
536.352,2.31162,468
536.522,2.31089,471
536.692,2.31016,473
536.862,2.30942,460
537.032,2.30869,475
537.203,2.30796,468
537.373,2.30723,460
537.543,2.3065,457
537.713,2.30577,469
537.883,2.30504,461
538.053,2.30431,438
538.223,2.30358,451
538.393,2.30286,466
538.563,2.30213,431
538.733,2.3014,455
538.903,2.30068,447
539.073,2.29995,466
539.243,2.29923,439
539.413,2.2985,456
539.584,2.29777,457
539.754,2.29705,449
539.924,2.29633,451
540.094,2.2956,447
540.264,2.29488,447
540.434,2.29416,431
540.604,2.29344,450
540.774,2.29272,442
540.944,2.292,453
541.114,2.29128,456
541.284,2.29056,461
541.454,2.28984,451
541.624,2.28912,447
541.794,2.2884,466
541.964,2.28768,452
542.134,2.28697,444
542.305,2.28624,461
542.475,2.28553,443
542.645,2.28481,435
542.815,2.2841,467
542.985,2.28338,453
543.155,2.28267,460
543.325,2.28195,451
543.495,2.28124,444
543.665,2.28053,455
543.835,2.27981,437
544.005,2.2791,452
544.175,2.27839,457
544.345,2.27768,435
544.515,2.27697,452
544.685,2.27626,465
544.855,2.27554,463
545.025,2.27484,435
545.195,2.27413,451
545.365,2.27342,476
545.535,2.27271,459
545.705,2.272,448
545.875,2.27129,461
546.045,2.27059,453
546.216,2.26987,475
546.386,2.26917,449
546.556,2.26846,452
546.726,2.26776,461
546.896,2.26705,461
547.066,2.26635,451
547.236,2.26564,465
547.406,2.26494,465
547.576,2.26424,458
547.746,2.26353,449
547.916,2.26283,478
548.086,2.26213,471
548.256,2.26143,472
548.426,2.26073,440
548.596,2.26003,474
548.766,2.25933,468
548.936,2.25863,460
549.106,2.25793,482
549.276,2.25723,477
549.446,2.25653,477
549.616,2.25583,473
549.786,2.25514,468
549.956,2.25444,470
550.126,2.25374,484
550.296,2.25305,481
550.466,2.25235,467
550.636,2.25165,486
550.806,2.25096,502
550.976,2.25026,478
551.146,2.24957,477
551.316,2.24888,468
551.486,2.24818,485
551.656,2.24749,480
551.826,2.2468,485
551.996,2.24611,485
552.166,2.24542,480
552.336,2.24472,488
552.506,2.24403,472
552.676,2.24334,487
552.846,2.24265,479
553.016,2.24196,496
553.186,2.24128,499
553.356,2.24059,489
553.526,2.2399,482
553.696,2.23921,482
553.866,2.23852,493
554.036,2.23784,480
554.206,2.23715,473
554.376,2.23646,471
554.546,2.23578,485
554.716,2.23509,474
554.886,2.23441,463
555.056,2.23372,475
555.226,2.23304,451
555.396,2.23236,471
555.566,2.23167,491
555.736,2.23099,485
555.906,2.23031,465
556.076,2.22963,485
556.246,2.22895,467
556.416,2.22826,445
556.586,2.22758,474
556.756,2.2269,472
556.926,2.22622,451
557.096,2.22554,450
557.266,2.22487,472
557.436,2.22419,453
557.606,2.22351,444
557.776,2.22283,454
557.946,2.22215,471
558.116,2.22148,454
558.286,2.2208,465
558.456,2.22012,455
558.626,2.21945,461
558.796,2.21877,462
558.966,2.2181,439
559.136,2.21742,450
559.306,2.21675,431
559.476,2.21608,446
559.646,2.2154,435
559.816,2.21473,451
559.986,2.21406,433
560.155,2.21339,455
560.325,2.21272,446
560.495,2.21205,445
560.665,2.21138,446
560.835,2.21071,450
561.005,2.21004,442
561.175,2.20937,432
561.345,2.2087,429
561.515,2.20803,461
561.685,2.20736,450
561.855,2.20669,442
562.025,2.20603,427
562.195,2.20536,421
562.365,2.20469,431
562.535,2.20403,422
562.705,2.20336,445
562.875,2.2027,429
563.045,2.20203,444
563.215,2.20137,413
563.385,2.2007,424
563.555,2.20004,450
563.725,2.19937,424
563.895,2.19871,427
564.064,2.19805,438
564.234,2.19739,426
564.404,2.19673,439
564.574,2.19607,430
564.744,2.19541,439
564.914,2.19474,423
565.084,2.19408,431
565.254,2.19342,434
565.424,2.19277,440
565.594,2.19211,417
565.764,2.19145,437
565.934,2.19079,437
566.104,2.19013,417
566.274,2.18947,445
566.444,2.18882,461
566.614,2.18816,443
566.783,2.18751,442
566.953,2.18685,427
567.123,2.1862,443
567.293,2.18554,446
567.463,2.18489,440
567.633,2.18423,410
567.803,2.18358,439
567.973,2.18292,422
568.143,2.18227,412
568.313,2.18162,435
568.483,2.18097,428
568.653,2.18031,421
568.823,2.17966,412
568.993,2.17901,419
569.162,2.17836,421
569.332,2.17771,429
569.502,2.17706,419
569.672,2.17641,433
569.842,2.17576,427
570.012,2.17512,430
570.182,2.17447,409
570.352,2.17382,438
570.522,2.17317,422
570.692,2.17252,416
570.862,2.17188,431
571.031,2.17123,419
571.201,2.17059,417
571.371,2.16994,416
571.541,2.1693,417
571.711,2.16865,423
571.881,2.16801,433
572.051,2.16736,412
572.221,2.16672,435
572.391,2.16608,421
572.561,2.16543,408
572.731,2.16479,410
572.9,2.16415,425
573.07,2.16351,402
573.24,2.16287,391
573.41,2.16223,405
573.58,2.16159,421
573.75,2.16094,414
573.92,2.1603,403
574.09,2.15966,419
574.26,2.15903,399
574.43,2.15839,387
574.599,2.15775,404
574.769,2.15711,403
574.939,2.15648,400
575.109,2.15584,398
575.279,2.1552,409
575.449,2.15456,392
575.619,2.15393,395
575.789,2.15329,390
575.959,2.15266,402
576.128,2.15203,399
576.298,2.15139,378
576.468,2.15076,391
576.638,2.15012,384
576.808,2.14949,397
576.978,2.14885,395
577.148,2.14822,400
577.318,2.14759,389
577.487,2.14696,378
577.657,2.14633,360
577.827,2.1457,405
577.997,2.14507,386
578.167,2.14444,396
578.337,2.14381,390
578.507,2.14318,383
578.677,2.14255,402
578.846,2.14192,386
579.016,2.14129,409
579.186,2.14066,379
579.356,2.14003,380
579.526,2.13941,369
579.696,2.13878,392
579.866,2.13815,391
580.036,2.13753,380
580.205,2.1369,404
580.375,2.13628,390
580.545,2.13565,404
580.715,2.13503,408
580.885,2.1344,391
581.055,2.13378,380
581.225,2.13315,366
581.394,2.13253,380
581.564,2.13191,383
581.734,2.13129,402
581.904,2.13066,366
582.074,2.13004,392
582.244,2.12942,391
582.414,2.1288,397
582.583,2.12818,396
582.753,2.12756,394
582.923,2.12694,383
583.093,2.12632,383
583.263,2.1257,379
583.433,2.12508,391
583.603,2.12446,393
583.772,2.12385,370
583.942,2.12323,399
584.112,2.12261,388
584.282,2.12199,395
584.452,2.12138,388
584.622,2.12076,393
584.791,2.12015,381
584.961,2.11953,380
585.131,2.11891,382
585.301,2.1183,382
585.471,2.11768,392
585.641,2.11707,390
585.811,2.11645,386
585.98,2.11584,365
586.15,2.11523,383
586.32,2.11462,386
586.49,2.114,375
586.66,2.11339,367
586.83,2.11278,364
586.999,2.11217,368
587.169,2.11156,386
587.339,2.11095,374
587.509,2.11034,366
587.679,2.10973,386
587.849,2.10912,382
588.018,2.10851,378
588.188,2.1079,374
588.358,2.10729,375
588.528,2.10668,362
588.698,2.10607,368
588.867,2.10547,375
589.037,2.10486,374
589.207,2.10426,353
589.377,2.10365,366
589.547,2.10304,362
589.717,2.10244,365
589.886,2.10183,362
590.056,2.10123,378
590.226,2.10062,359
590.396,2.10002,357
590.566,2.09941,356
590.735,2.09881,368
590.905,2.09821,357
591.075,2.09761,337
591.245,2.097,361
591.415,2.0964,359
591.585,2.0958,336
591.754,2.0952,353
591.924,2.0946,346
592.094,2.094,347
592.264,2.09339,339
592.434,2.09279,338
592.603,2.0922,332
592.773,2.0916,341
592.943,2.091,331
593.113,2.0904,332
593.283,2.0898,341
593.452,2.0892,320
593.622,2.08861,319
593.792,2.08801,331
593.962,2.08741,344
594.132,2.08681,330
594.301,2.08622,334
594.471,2.08562,318
594.641,2.08503,332
594.811,2.08443,320
594.981,2.08383,321
595.15,2.08324,324
595.32,2.08265,332
595.49,2.08205,318
595.66,2.08146,313
595.829,2.08087,322
595.999,2.08028,325
596.169,2.07968,323
596.339,2.07909,329
596.509,2.0785,332
596.678,2.07791,314
596.848,2.07732,311
597.018,2.07672,314
597.188,2.07613,322
597.358,2.07554,325
597.527,2.07496,308
597.697,2.07437,322
597.867,2.07378,321
598.037,2.07319,315
598.206,2.0726,300
598.376,2.07201,314
598.546,2.07142,311
598.716,2.07083,305
598.885,2.07025,314
599.055,2.06966,334
599.225,2.06908,320
599.395,2.06849,313
599.565,2.0679,318
599.734,2.06732,300
599.904,2.06673,291
600.074,2.06615,298
600.244,2.06556,320
600.413,2.06498,308
600.583,2.0644,294
600.753,2.06381,286
600.923,2.06323,321
601.092,2.06265,295
601.262,2.06207,315
601.432,2.06148,305
601.602,2.0609,313
601.771,2.06032,320
601.941,2.05974,297
602.111,2.05916,297
602.281,2.05858,290
602.451,2.058,306
602.62,2.05742,307
602.79,2.05684,297
602.96,2.05626,303
603.13,2.05568,305
603.299,2.0551,295
603.469,2.05452,294
603.639,2.05395,326
603.809,2.05337,328
603.978,2.05279,306
604.148,2.05222,306
604.318,2.05164,310
604.487,2.05106,304
604.657,2.05049,312
604.827,2.04991,295
604.997,2.04934,313
605.166,2.04876,300
605.336,2.04819,313
605.506,2.04761,321
605.676,2.04704,294
605.845,2.04647,316
606.015,2.04589,309
606.185,2.04532,311
606.355,2.04475,311
606.524,2.04418,317
606.694,2.0436,313
606.864,2.04303,311
607.034,2.04246,294
607.203,2.04189,303
607.373,2.04132,294
607.543,2.04075,306
607.712,2.04018,317
607.882,2.03961,298
608.052,2.03904,303
608.222,2.03847,303
608.391,2.0379,292
608.561,2.03733,309
608.731,2.03676,287
608.901,2.0362,312
609.07,2.03563,298
609.24,2.03506,310
609.41,2.0345,292
609.579,2.03393,300
609.749,2.03336,287
609.919,2.0328,301
610.089,2.03223,297
610.258,2.03167,298
610.428,2.0311,290
610.598,2.03054,305
610.767,2.02998,298
610.937,2.02941,301
611.107,2.02885,302
611.277,2.02828,301
611.446,2.02772,278
611.616,2.02716,284
611.786,2.02659,281
611.955,2.02603,292
612.125,2.02547,281
612.295,2.02491,273
612.465,2.02435,271
612.634,2.02379,280
612.804,2.02323,269
612.974,2.02267,269
613.143,2.02211,278
613.313,2.02155,268
613.483,2.02099,281
613.652,2.02043,267
613.822,2.01987,274
613.992,2.01931,288
614.162,2.01875,279
614.331,2.0182,259
614.501,2.01764,266
614.671,2.01708,268
614.84,2.01653,259
615.01,2.01597,251
615.18,2.01541,266
615.349,2.01486,258
615.519,2.0143,275
615.689,2.01375,265
615.858,2.01319,272
616.028,2.01264,250
616.198,2.01208,256
616.368,2.01153,250
616.537,2.01098,232
616.707,2.01042,247
616.877,2.00987,253
617.046,2.00932,242
617.216,2.00877,260
617.386,2.00821,257
617.555,2.00766,262
617.725,2.00711,256
617.895,2.00656,255
618.064,2.00601,270
618.234,2.00546,244
618.404,2.00491,258
618.573,2.00436,238
618.743,2.00381,245
618.913,2.00326,240
619.082,2.00271,255
619.252,2.00216,236
619.422,2.00161,229
619.591,2.00107,224
619.761,2.00052,242
619.931,1.99997,247
620.1,1.99942,233
620.27,1.99887,227
620.44,1.99833,227
620.609,1.99778,224
620.779,1.99724,223
620.949,1.99669,231
621.118,1.99615,224
621.288,1.9956,230
621.458,1.99505,235
621.627,1.99451,228
621.797,1.99397,239
621.967,1.99342,214
622.136,1.99288,234
622.306,1.99233,228
622.476,1.99179,242
622.645,1.99125,229
622.815,1.99071,220
622.985,1.99016,220
623.154,1.98962,233
623.324,1.98908,223
623.494,1.98854,213
623.663,1.988,206
623.833,1.98746,228
624.002,1.98692,210
624.172,1.98638,219
624.342,1.98584,224
624.511,1.9853,224
624.681,1.98476,220
624.851,1.98422,211
625.02,1.98368,207
625.19,1.98314,219
625.36,1.98261,207
625.529,1.98207,219
625.699,1.98153,210
625.869,1.98099,224
626.038,1.98046,222
626.208,1.97992,209
626.377,1.97939,223
626.547,1.97885,203
626.717,1.97831,205
626.886,1.97778,210
627.056,1.97724,214
627.226,1.97671,213
627.395,1.97617,227
627.565,1.97564,208
627.735,1.9751,220
627.904,1.97457,207
628.074,1.97404,204
628.243,1.97351,193
628.413,1.97297,214
628.583,1.97244,198
628.752,1.97191,213
628.922,1.97138,208
629.091,1.97085,205
629.261,1.97031,202
629.431,1.96978,196
629.6,1.96925,199
629.77,1.96872,215
629.94,1.96819,204
630.109,1.96766,201
630.279,1.96713,199
630.448,1.9666,206
630.618,1.96607,200
630.788,1.96554,197
630.957,1.96502,196
631.127,1.96449,202
631.297,1.96396,189
631.466,1.96343,201
631.636,1.96291,198
631.805,1.96238,193
631.975,1.96185,207
632.145,1.96133,199
632.314,1.9608,211
632.484,1.96027,191
632.653,1.95975,203
632.823,1.95922,198
632.993,1.9587,203
633.162,1.95817,200
633.332,1.95765,195
633.501,1.95713,193
633.671,1.9566,191
633.841,1.95608,200
634.01,1.95556,195
634.18,1.95503,191
634.349,1.95451,186
634.519,1.95399,196
634.689,1.95346,193
634.858,1.95294,193
635.028,1.95242,192
635.197,1.9519,177
635.367,1.95138,181
635.537,1.95086,182
635.706,1.95034,178
635.876,1.94982,183
636.045,1.9493,191
636.215,1.94878,187
636.384,1.94826,190
636.554,1.94774,187
636.724,1.94722,183
636.893,1.9467,179
637.063,1.94618,176
637.232,1.94567,183
637.402,1.94515,186
637.572,1.94463,175
637.741,1.94412,173
637.911,1.9436,171
638.08,1.94308,166
638.25,1.94256,176
638.419,1.94205,168
638.589,1.94153,184
638.759,1.94102,177
638.928,1.9405,173
639.098,1.93999,174
639.267,1.93947,180
639.437,1.93896,173
639.606,1.93845,186
639.776,1.93793,173
639.946,1.93742,164
640.115,1.93691,170
640.285,1.93639,174
640.454,1.93588,179
640.624,1.93537,172
640.793,1.93486,185
640.963,1.93434,169
641.132,1.93383,166
641.302,1.93332,165
641.472,1.93281,160
641.641,1.9323,152
641.811,1.93179,171
641.98,1.93128,176
642.15,1.93077,169
642.319,1.93026,156
642.489,1.92975,158
642.659,1.92924,152
642.828,1.92873,165
642.998,1.92822,143
643.167,1.92771,165
643.337,1.9272,169
643.506,1.9267,163
643.676,1.92619,149
643.845,1.92568,159
644.015,1.92518,165
644.184,1.92467,161
644.354,1.92416,151
644.524,1.92366,137
644.693,1.92315,153
644.863,1.92264,136
645.032,1.92214,154
645.202,1.92163,147
645.371,1.92113,151
645.541,1.92062,145
645.71,1.92012,159
645.88,1.91962,157
646.049,1.91911,166
646.219,1.91861,155
646.388,1.91811,145
646.558,1.9176,146
646.728,1.9171,153
646.897,1.9166,154
647.067,1.9161,160
647.236,1.91559,152
647.406,1.91509,140
647.575,1.91459,159
647.745,1.91409,154
647.914,1.91359,139
648.084,1.91309,142
648.253,1.91259,152
648.423,1.91209,151
648.592,1.91159,146
648.762,1.91109,156
648.931,1.91059,168
649.101,1.91009,148
649.27,1.90959,160
649.44,1.90909,169
649.61,1.90859,168
649.779,1.9081,145
649.949,1.9076,146
650.118,1.9071,139
650.288,1.9066,135
650.457,1.90611,147
650.627,1.90561,147
650.796,1.90512,142
650.966,1.90462,144
651.135,1.90412,148
651.305,1.90363,139
651.474,1.90313,158
651.644,1.90264,146
651.813,1.90214,144
651.983,1.90165,146
652.152,1.90115,131
652.322,1.90066,146
652.491,1.90017,143
652.661,1.89967,136
652.83,1.89918,154
653,1.89869,146
653.169,1.89819,137
653.339,1.8977,138
653.508,1.89721,132
653.678,1.89672,143
653.847,1.89623,134
654.017,1.89573,145
654.186,1.89524,136
654.356,1.89475,144
654.525,1.89426,146
654.695,1.89377,142
654.864,1.89328,143
655.034,1.89279,143
655.203,1.8923,147
655.373,1.89181,133
655.542,1.89132,146
655.712,1.89083,130
655.881,1.89035,132
656.051,1.88986,140
656.22,1.88937,142
656.39,1.88888,130
656.559,1.88839,126
656.729,1.88791,137
656.898,1.88742,134
657.068,1.88693,129
657.237,1.88645,134
657.406,1.88596,136
657.576,1.88547,129
657.745,1.88499,118
657.915,1.8845,132
658.084,1.88402,135
658.254,1.88353,139
658.423,1.88305,125
658.593,1.88256,115
658.762,1.88208,107
658.932,1.88159,121
659.101,1.88111,120
659.271,1.88063,129
659.44,1.88014,134
659.61,1.87966,119
659.779,1.87918,118
659.949,1.87869,110
660.118,1.87821,125
660.288,1.87773,111
660.457,1.87725,118
660.626,1.87677,118
660.796,1.87629,109
660.965,1.87581,121
661.135,1.87532,121
661.304,1.87484,117
661.474,1.87436,116
661.643,1.87388,126
661.813,1.8734,121
661.982,1.87292,120
662.152,1.87244,110
662.321,1.87197,110
662.491,1.87149,111
662.66,1.87101,114
662.829,1.87053,109
662.999,1.87005,104
663.168,1.86957,109
663.338,1.8691,108
663.507,1.86862,116
663.677,1.86814,106
663.846,1.86767,111
664.016,1.86719,96
664.185,1.86671,112
664.354,1.86624,112
664.524,1.86576,85
664.693,1.86529,113
664.863,1.86481,100
665.032,1.86433,106
665.202,1.86386,96
665.371,1.86338,111
665.541,1.86291,107
665.71,1.86244,104
665.879,1.86196,113
666.049,1.86149,106
666.218,1.86102,115
666.388,1.86054,99
666.557,1.86007,103
666.727,1.85959,81
666.896,1.85912,107
667.065,1.85865,116
667.235,1.85818,101
667.404,1.85771,98
667.574,1.85724,104
667.743,1.85677,97
667.913,1.85629,103
668.082,1.85582,94
668.251,1.85535,105
668.421,1.85488,108
668.59,1.85441,82
668.76,1.85394,103
668.929,1.85347,109
669.099,1.853,84
669.268,1.85253,96
669.437,1.85207,110
669.607,1.8516,89
669.776,1.85113,104
669.946,1.85066,104
670.115,1.85019,99
670.285,1.84972,105
670.454,1.84926,90
670.623,1.84879,105
670.793,1.84832,99
670.962,1.84786,91
671.132,1.84739,106
671.301,1.84692,101
671.47,1.84646,91
671.64,1.84599,82
671.809,1.84553,100
671.979,1.84506,108
672.148,1.8446,97
672.317,1.84413,88
672.487,1.84367,88
672.656,1.8432,93
672.826,1.84274,86
672.995,1.84228,112
673.164,1.84181,103
673.334,1.84135,105
673.503,1.84089,101
673.673,1.84042,102
673.842,1.83996,94
674.011,1.8395,104
674.181,1.83903,80
674.35,1.83857,95
674.52,1.83811,96
674.689,1.83765,99
674.858,1.83719,101
675.028,1.83673,89
675.197,1.83627,86
675.367,1.8358,90
675.536,1.83535,102
675.705,1.83489,82
675.875,1.83442,98
676.044,1.83397,104
676.214,1.83351,110
676.383,1.83305,95
676.552,1.83259,89
676.722,1.83213,88
676.891,1.83167,77
677.06,1.83121,94
677.23,1.83075,108
677.399,1.8303,86
677.569,1.82984,95
677.738,1.82938,101
677.907,1.82893,88
678.077,1.82847,96
678.246,1.82801,95
678.416,1.82755,87
678.585,1.8271,94
678.754,1.82664,97
678.924,1.82619,100
679.093,1.82573,91
679.262,1.82528,95
679.432,1.82482,94
679.601,1.82437,88
679.771,1.82391,96
679.94,1.82346,100
680.109,1.823,103
680.279,1.82255,94
680.448,1.8221,95
680.617,1.82164,100
680.787,1.82119,98
680.956,1.82074,96
681.125,1.82029,97
681.295,1.81983,89
681.464,1.81938,94
681.634,1.81893,100
681.803,1.81848,83
681.972,1.81802,75
682.142,1.81757,98
682.311,1.81712,89
682.48,1.81667,91
682.65,1.81622,96
682.819,1.81577,91
682.988,1.81532,84
683.158,1.81487,102
683.327,1.81442,93
683.496,1.81397,86
683.666,1.81352,97
683.835,1.81307,92
684.004,1.81262,89
684.174,1.81217,85
684.343,1.81173,92
684.512,1.81128,83
684.682,1.81083,99
684.851,1.81038,78
685.021,1.80993,93
685.19,1.80949,92
685.359,1.80904,81
685.529,1.80859,88
685.698,1.80815,93
685.867,1.8077,81
686.037,1.80725,84
686.206,1.80681,90
686.375,1.80636,92
686.545,1.80592,108
686.714,1.80547,90
686.883,1.80503,91
687.053,1.80458,98
687.222,1.80414,87
687.391,1.80369,96
687.561,1.80325,100
687.73,1.8028,93
687.899,1.80236,97
688.069,1.80192,97
688.238,1.80147,90
688.407,1.80103,110
688.577,1.80059,95
688.746,1.80014,98
